{"elementType":"org.springframework.ide.vscode.boot.java.utils.CachedSymbol","timestampedFiles":{"C:\\Users\\MAYUR\\Downloads\\SpringBootEmployeeCRUDBackendwithAngular\\SpringBootEmployeeCRUDBackendwithAngular\\src\\main\\java\\com\\springbootwithangular\\SpringBootEmployeeCrudBackendwithAngularApplication.java":1698720966000,"C:\\Users\\MAYUR\\Downloads\\SpringBootEmployeeCRUDBackendwithAngular\\SpringBootEmployeeCRUDBackendwithAngular\\src\\main\\java\\com\\springbootwithangular\\controller\\EmployeeController.java":1698727674000,"C:\\Users\\MAYUR\\Downloads\\SpringBootEmployeeCRUDBackendwithAngular\\SpringBootEmployeeCRUDBackendwithAngular\\src\\main\\java\\com\\springbootwithangular\\exception\\ResourceNotFoundException.java":1698721278000,"C:\\Users\\MAYUR\\Downloads\\SpringBootEmployeeCRUDBackendwithAngular\\SpringBootEmployeeCRUDBackendwithAngular\\src\\main\\java\\com\\springbootwithangular\\model\\Employee.java":1698721104000,"C:\\Users\\MAYUR\\Downloads\\SpringBootEmployeeCRUDBackendwithAngular\\SpringBootEmployeeCRUDBackendwithAngular\\src\\main\\java\\com\\springbootwithangular\\repository\\EmployeeRepository.java":1698721188000},"elements":[{"lastModified":1698727674000,"enhancedSymbol":{"symbol":{"name":"@CrossOrigin(origins\u003d\"http://localhost:4200\")","kind":"Interface","location":{"uri":"file:///C:/Users/MAYUR/Downloads/SpringBootEmployeeCRUDBackendwithAngular/SpringBootEmployeeCRUDBackendwithAngular/src/main/java/com/springbootwithangular/controller/EmployeeController.java","range":{"start":{"line":22,"character":0},"end":{"line":22,"character":47}}}}},"docURI":"file:///C:/Users/MAYUR/Downloads/SpringBootEmployeeCRUDBackendwithAngular/SpringBootEmployeeCRUDBackendwithAngular/src/main/java/com/springbootwithangular/controller/EmployeeController.java"},{"lastModified":1698727674000,"enhancedSymbol":{"symbol":{"name":"@+ \u0027employeeController\u0027 (@RestController \u003c: @Controller, @Component) EmployeeController","kind":"Interface","location":{"uri":"file:///C:/Users/MAYUR/Downloads/SpringBootEmployeeCRUDBackendwithAngular/SpringBootEmployeeCRUDBackendwithAngular/src/main/java/com/springbootwithangular/controller/EmployeeController.java","range":{"start":{"line":23,"character":0},"end":{"line":23,"character":15}}}},"additionalInformation":[{"type":"org.springframework.ide.vscode.boot.java.beans.BeansSymbolAddOnInformation","data":{"beanID":"employeeController","beanType":"com.springbootwithangular.controller.EmployeeController"}}]},"docURI":"file:///C:/Users/MAYUR/Downloads/SpringBootEmployeeCRUDBackendwithAngular/SpringBootEmployeeCRUDBackendwithAngular/src/main/java/com/springbootwithangular/controller/EmployeeController.java"},{"lastModified":1698727674000,"enhancedSymbol":{"symbol":{"name":"@Autowired","kind":"Interface","location":{"uri":"file:///C:/Users/MAYUR/Downloads/SpringBootEmployeeCRUDBackendwithAngular/SpringBootEmployeeCRUDBackendwithAngular/src/main/java/com/springbootwithangular/controller/EmployeeController.java","range":{"start":{"line":27,"character":1},"end":{"line":27,"character":11}}}}},"docURI":"file:///C:/Users/MAYUR/Downloads/SpringBootEmployeeCRUDBackendwithAngular/SpringBootEmployeeCRUDBackendwithAngular/src/main/java/com/springbootwithangular/controller/EmployeeController.java"},{"lastModified":1698727674000,"enhancedSymbol":{"symbol":{"name":"@/api/v1//employees -- GET","kind":"Interface","location":{"uri":"file:///C:/Users/MAYUR/Downloads/SpringBootEmployeeCRUDBackendwithAngular/SpringBootEmployeeCRUDBackendwithAngular/src/main/java/com/springbootwithangular/controller/EmployeeController.java","range":{"start":{"line":31,"character":1},"end":{"line":31,"character":26}}}}},"docURI":"file:///C:/Users/MAYUR/Downloads/SpringBootEmployeeCRUDBackendwithAngular/SpringBootEmployeeCRUDBackendwithAngular/src/main/java/com/springbootwithangular/controller/EmployeeController.java"},{"lastModified":1698727674000,"enhancedSymbol":{"symbol":{"name":"@/api/v1//employees -- POST","kind":"Interface","location":{"uri":"file:///C:/Users/MAYUR/Downloads/SpringBootEmployeeCRUDBackendwithAngular/SpringBootEmployeeCRUDBackendwithAngular/src/main/java/com/springbootwithangular/controller/EmployeeController.java","range":{"start":{"line":37,"character":1},"end":{"line":37,"character":27}}}}},"docURI":"file:///C:/Users/MAYUR/Downloads/SpringBootEmployeeCRUDBackendwithAngular/SpringBootEmployeeCRUDBackendwithAngular/src/main/java/com/springbootwithangular/controller/EmployeeController.java"},{"lastModified":1698727674000,"enhancedSymbol":{"symbol":{"name":"@RequestBody","kind":"Interface","location":{"uri":"file:///C:/Users/MAYUR/Downloads/SpringBootEmployeeCRUDBackendwithAngular/SpringBootEmployeeCRUDBackendwithAngular/src/main/java/com/springbootwithangular/controller/EmployeeController.java","range":{"start":{"line":38,"character":32},"end":{"line":38,"character":44}}}}},"docURI":"file:///C:/Users/MAYUR/Downloads/SpringBootEmployeeCRUDBackendwithAngular/SpringBootEmployeeCRUDBackendwithAngular/src/main/java/com/springbootwithangular/controller/EmployeeController.java"},{"lastModified":1698727674000,"enhancedSymbol":{"symbol":{"name":"@/api/v1//employees/{id} -- GET","kind":"Interface","location":{"uri":"file:///C:/Users/MAYUR/Downloads/SpringBootEmployeeCRUDBackendwithAngular/SpringBootEmployeeCRUDBackendwithAngular/src/main/java/com/springbootwithangular/controller/EmployeeController.java","range":{"start":{"line":43,"character":1},"end":{"line":43,"character":31}}}}},"docURI":"file:///C:/Users/MAYUR/Downloads/SpringBootEmployeeCRUDBackendwithAngular/SpringBootEmployeeCRUDBackendwithAngular/src/main/java/com/springbootwithangular/controller/EmployeeController.java"},{"lastModified":1698727674000,"enhancedSymbol":{"symbol":{"name":"@PathVariable","kind":"Interface","location":{"uri":"file:///C:/Users/MAYUR/Downloads/SpringBootEmployeeCRUDBackendwithAngular/SpringBootEmployeeCRUDBackendwithAngular/src/main/java/com/springbootwithangular/controller/EmployeeController.java","range":{"start":{"line":44,"character":49},"end":{"line":44,"character":62}}}}},"docURI":"file:///C:/Users/MAYUR/Downloads/SpringBootEmployeeCRUDBackendwithAngular/SpringBootEmployeeCRUDBackendwithAngular/src/main/java/com/springbootwithangular/controller/EmployeeController.java"},{"lastModified":1698727674000,"enhancedSymbol":{"symbol":{"name":"@/api/v1//employees/{id} -- PUT","kind":"Interface","location":{"uri":"file:///C:/Users/MAYUR/Downloads/SpringBootEmployeeCRUDBackendwithAngular/SpringBootEmployeeCRUDBackendwithAngular/src/main/java/com/springbootwithangular/controller/EmployeeController.java","range":{"start":{"line":52,"character":1},"end":{"line":52,"character":31}}}}},"docURI":"file:///C:/Users/MAYUR/Downloads/SpringBootEmployeeCRUDBackendwithAngular/SpringBootEmployeeCRUDBackendwithAngular/src/main/java/com/springbootwithangular/controller/EmployeeController.java"},{"lastModified":1698727674000,"enhancedSymbol":{"symbol":{"name":"@PathVariable","kind":"Interface","location":{"uri":"file:///C:/Users/MAYUR/Downloads/SpringBootEmployeeCRUDBackendwithAngular/SpringBootEmployeeCRUDBackendwithAngular/src/main/java/com/springbootwithangular/controller/EmployeeController.java","range":{"start":{"line":53,"character":48},"end":{"line":53,"character":61}}}}},"docURI":"file:///C:/Users/MAYUR/Downloads/SpringBootEmployeeCRUDBackendwithAngular/SpringBootEmployeeCRUDBackendwithAngular/src/main/java/com/springbootwithangular/controller/EmployeeController.java"},{"lastModified":1698727674000,"enhancedSymbol":{"symbol":{"name":"@RequestBody","kind":"Interface","location":{"uri":"file:///C:/Users/MAYUR/Downloads/SpringBootEmployeeCRUDBackendwithAngular/SpringBootEmployeeCRUDBackendwithAngular/src/main/java/com/springbootwithangular/controller/EmployeeController.java","range":{"start":{"line":53,"character":71},"end":{"line":53,"character":83}}}}},"docURI":"file:///C:/Users/MAYUR/Downloads/SpringBootEmployeeCRUDBackendwithAngular/SpringBootEmployeeCRUDBackendwithAngular/src/main/java/com/springbootwithangular/controller/EmployeeController.java"},{"lastModified":1698727674000,"enhancedSymbol":{"symbol":{"name":"@/api/v1//employees/{id} -- DELETE","kind":"Interface","location":{"uri":"file:///C:/Users/MAYUR/Downloads/SpringBootEmployeeCRUDBackendwithAngular/SpringBootEmployeeCRUDBackendwithAngular/src/main/java/com/springbootwithangular/controller/EmployeeController.java","range":{"start":{"line":66,"character":1},"end":{"line":66,"character":34}}}}},"docURI":"file:///C:/Users/MAYUR/Downloads/SpringBootEmployeeCRUDBackendwithAngular/SpringBootEmployeeCRUDBackendwithAngular/src/main/java/com/springbootwithangular/controller/EmployeeController.java"},{"lastModified":1698727674000,"enhancedSymbol":{"symbol":{"name":"@PathVariable","kind":"Interface","location":{"uri":"file:///C:/Users/MAYUR/Downloads/SpringBootEmployeeCRUDBackendwithAngular/SpringBootEmployeeCRUDBackendwithAngular/src/main/java/com/springbootwithangular/controller/EmployeeController.java","range":{"start":{"line":67,"character":60},"end":{"line":67,"character":73}}}}},"docURI":"file:///C:/Users/MAYUR/Downloads/SpringBootEmployeeCRUDBackendwithAngular/SpringBootEmployeeCRUDBackendwithAngular/src/main/java/com/springbootwithangular/controller/EmployeeController.java"},{"lastModified":1698721278000,"enhancedSymbol":{"symbol":{"name":"@ResponseStatus(value\u003dHttpStatus.NOT_FOUND)","kind":"Interface","location":{"uri":"file:///C:/Users/MAYUR/Downloads/SpringBootEmployeeCRUDBackendwithAngular/SpringBootEmployeeCRUDBackendwithAngular/src/main/java/com/springbootwithangular/exception/ResourceNotFoundException.java","range":{"start":{"line":5,"character":0},"end":{"line":5,"character":45}}}}},"docURI":"file:///C:/Users/MAYUR/Downloads/SpringBootEmployeeCRUDBackendwithAngular/SpringBootEmployeeCRUDBackendwithAngular/src/main/java/com/springbootwithangular/exception/ResourceNotFoundException.java"},{"lastModified":1698721188000,"enhancedSymbol":{"symbol":{"name":"@+ \u0027employeeRepository\u0027 (Employee) Repository\u003cEmployee,Long\u003e","kind":"Interface","location":{"uri":"file:///C:/Users/MAYUR/Downloads/SpringBootEmployeeCRUDBackendwithAngular/SpringBootEmployeeCRUDBackendwithAngular/src/main/java/com/springbootwithangular/repository/EmployeeRepository.java","range":{"start":{"line":10,"character":17},"end":{"line":10,"character":35}}}},"additionalInformation":[{"type":"org.springframework.ide.vscode.boot.java.beans.BeansSymbolAddOnInformation","data":{"beanID":"employeeRepository","beanType":"org.springframework.data.repository.Repository\u003ccom.springbootwithangular.model.Employee,java.lang.Long\u003e"}}]},"docURI":"file:///C:/Users/MAYUR/Downloads/SpringBootEmployeeCRUDBackendwithAngular/SpringBootEmployeeCRUDBackendwithAngular/src/main/java/com/springbootwithangular/repository/EmployeeRepository.java"},{"lastModified":1698720966000,"enhancedSymbol":{"symbol":{"name":"@+ \u0027springBootEmployeeCrudBackendwithAngularApplication\u0027 (@SpringBootApplication \u003c: @SpringBootConfiguration, @Configuration, @Component) SpringBootEmployeeCrudBackendwithAngularApplication","kind":"Interface","location":{"uri":"file:///C:/Users/MAYUR/Downloads/SpringBootEmployeeCRUDBackendwithAngular/SpringBootEmployeeCRUDBackendwithAngular/src/main/java/com/springbootwithangular/SpringBootEmployeeCrudBackendwithAngularApplication.java","range":{"start":{"line":5,"character":0},"end":{"line":5,"character":22}}}},"additionalInformation":[{"type":"org.springframework.ide.vscode.boot.java.beans.ConfigBeanSymbolAddOnInformation","data":{"beanID":"springBootEmployeeCrudBackendwithAngularApplication","beanType":"com.springbootwithangular.SpringBootEmployeeCrudBackendwithAngularApplication"}}]},"docURI":"file:///C:/Users/MAYUR/Downloads/SpringBootEmployeeCRUDBackendwithAngular/SpringBootEmployeeCRUDBackendwithAngular/src/main/java/com/springbootwithangular/SpringBootEmployeeCrudBackendwithAngularApplication.java"}],"dependencies":{}}