{"elementType":"org.springframework.ide.vscode.boot.java.beans.CachedBean","timestampedFiles":{"C:\\Users\\MAYUR\\Downloads\\SpringBootEmployeeCRUDBackendwithAngular\\SpringBootEmployeeCRUDBackendwithAngular\\src\\main\\java\\com\\springbootwithangular\\SpringBootEmployeeCrudBackendwithAngularApplication.java":1698720966000,"C:\\Users\\MAYUR\\Downloads\\SpringBootEmployeeCRUDBackendwithAngular\\SpringBootEmployeeCRUDBackendwithAngular\\src\\main\\java\\com\\springbootwithangular\\controller\\EmployeeController.java":1698727674000,"C:\\Users\\MAYUR\\Downloads\\SpringBootEmployeeCRUDBackendwithAngular\\SpringBootEmployeeCRUDBackendwithAngular\\src\\main\\java\\com\\springbootwithangular\\exception\\ResourceNotFoundException.java":1698721278000,"C:\\Users\\MAYUR\\Downloads\\SpringBootEmployeeCRUDBackendwithAngular\\SpringBootEmployeeCRUDBackendwithAngular\\src\\main\\java\\com\\springbootwithangular\\model\\Employee.java":1698721104000,"C:\\Users\\MAYUR\\Downloads\\SpringBootEmployeeCRUDBackendwithAngular\\SpringBootEmployeeCRUDBackendwithAngular\\src\\main\\java\\com\\springbootwithangular\\repository\\EmployeeRepository.java":1698721188000},"elements":[{"bean":{"name":"employeeController","type":"com.springbootwithangular.controller.EmployeeController","location":{"uri":"file:///C:/Users/MAYUR/Downloads/SpringBootEmployeeCRUDBackendwithAngular/SpringBootEmployeeCRUDBackendwithAngular/src/main/java/com/springbootwithangular/controller/EmployeeController.java","range":{"start":{"line":23,"character":0},"end":{"line":23,"character":15}}},"injectionPoints":[{"name":"employeeRepository","type":"com.springbootwithangular.repository.EmployeeRepository","location":{"uri":"file:///C:/Users/MAYUR/Downloads/SpringBootEmployeeCRUDBackendwithAngular/SpringBootEmployeeCRUDBackendwithAngular/src/main/java/com/springbootwithangular/controller/EmployeeController.java","range":{"start":{"line":28,"character":28},"end":{"line":28,"character":46}}}}],"supertypes":["java.lang.Object"],"annotations":["org.springframework.web.bind.annotation.RestController","org.springframework.stereotype.Controller","org.springframework.stereotype.Component"]},"docURI":"file:///C:/Users/MAYUR/Downloads/SpringBootEmployeeCRUDBackendwithAngular/SpringBootEmployeeCRUDBackendwithAngular/src/main/java/com/springbootwithangular/controller/EmployeeController.java"},{"bean":{"name":"employeeRepository","type":"com.springbootwithangular.repository.EmployeeRepository","location":{"uri":"file:///C:/Users/MAYUR/Downloads/SpringBootEmployeeCRUDBackendwithAngular/SpringBootEmployeeCRUDBackendwithAngular/src/main/java/com/springbootwithangular/repository/EmployeeRepository.java","range":{"start":{"line":10,"character":17},"end":{"line":10,"character":35}}},"injectionPoints":[],"supertypes":["org.springframework.data.repository.query.QueryByExampleExecutor","org.springframework.data.repository.PagingAndSortingRepository","org.springframework.data.repository.Repository","org.springframework.data.repository.ListPagingAndSortingRepository","org.springframework.data.repository.ListCrudRepository","org.springframework.data.repository.CrudRepository","org.springframework.data.jpa.repository.JpaRepository"],"annotations":[]},"docURI":"file:///C:/Users/MAYUR/Downloads/SpringBootEmployeeCRUDBackendwithAngular/SpringBootEmployeeCRUDBackendwithAngular/src/main/java/com/springbootwithangular/repository/EmployeeRepository.java"},{"bean":{"name":"springBootEmployeeCrudBackendwithAngularApplication","type":"com.springbootwithangular.SpringBootEmployeeCrudBackendwithAngularApplication","location":{"uri":"file:///C:/Users/MAYUR/Downloads/SpringBootEmployeeCRUDBackendwithAngular/SpringBootEmployeeCRUDBackendwithAngular/src/main/java/com/springbootwithangular/SpringBootEmployeeCrudBackendwithAngularApplication.java","range":{"start":{"line":5,"character":0},"end":{"line":5,"character":22}}},"injectionPoints":[],"supertypes":["java.lang.Object"],"annotations":["org.springframework.boot.autoconfigure.SpringBootApplication","org.springframework.boot.SpringBootConfiguration","org.springframework.context.annotation.Configuration","org.springframework.stereotype.Component"]},"docURI":"file:///C:/Users/MAYUR/Downloads/SpringBootEmployeeCRUDBackendwithAngular/SpringBootEmployeeCRUDBackendwithAngular/src/main/java/com/springbootwithangular/SpringBootEmployeeCrudBackendwithAngularApplication.java"}],"dependencies":{}}