{"elementType":"org.springframework.ide.vscode.boot.java.beans.CachedBean","timestampedFiles":{"C:\\Users\\MAYUR\\Documents\\workspace-spring-tool-suite-4-4.23.1.RELEASE\\employeecrudspringboot\\src\\main\\java\\com\\anudip\\EmployeecrudspringbootApplication.java":1718784881372,"C:\\Users\\MAYUR\\Documents\\workspace-spring-tool-suite-4-4.23.1.RELEASE\\employeecrudspringboot\\src\\main\\java\\com\\anudip\\controller\\DepartmentController.java":1718949971506,"C:\\Users\\MAYUR\\Documents\\workspace-spring-tool-suite-4-4.23.1.RELEASE\\employeecrudspringboot\\src\\main\\java\\com\\anudip\\controller\\EmployeeController.java":1720688889527,"C:\\Users\\MAYUR\\Documents\\workspace-spring-tool-suite-4-4.23.1.RELEASE\\employeecrudspringboot\\src\\main\\java\\com\\anudip\\entity\\Department.java":1718881585788,"C:\\Users\\MAYUR\\Documents\\workspace-spring-tool-suite-4-4.23.1.RELEASE\\employeecrudspringboot\\src\\main\\java\\com\\anudip\\entity\\Employee.java":1720422510467,"C:\\Users\\MAYUR\\Documents\\workspace-spring-tool-suite-4-4.23.1.RELEASE\\employeecrudspringboot\\src\\main\\java\\com\\anudip\\exception\\EmployeeIdNotFoundException.java":1720677787236,"C:\\Users\\MAYUR\\Documents\\workspace-spring-tool-suite-4-4.23.1.RELEASE\\employeecrudspringboot\\src\\main\\java\\com\\anudip\\repository\\DepartmentRepository.java":1718881683536,"C:\\Users\\MAYUR\\Documents\\workspace-spring-tool-suite-4-4.23.1.RELEASE\\employeecrudspringboot\\src\\main\\java\\com\\anudip\\repository\\EmployeeRepository.java":1718863183413,"C:\\Users\\MAYUR\\Documents\\workspace-spring-tool-suite-4-4.23.1.RELEASE\\employeecrudspringboot\\src\\main\\java\\com\\anudip\\service\\DepartmentService.java":1718882101983,"C:\\Users\\MAYUR\\Documents\\workspace-spring-tool-suite-4-4.23.1.RELEASE\\employeecrudspringboot\\src\\main\\java\\com\\anudip\\service\\EmployeeService.java":1718864988579,"C:\\Users\\MAYUR\\Documents\\workspace-spring-tool-suite-4-4.23.1.RELEASE\\employeecrudspringboot\\src\\main\\java\\com\\anudip\\serviceimplementation\\DepartmentServiceImpl.java":1718948192962,"C:\\Users\\MAYUR\\Documents\\workspace-spring-tool-suite-4-4.23.1.RELEASE\\employeecrudspringboot\\src\\main\\java\\com\\anudip\\serviceimplementation\\EmployeeServiceImpl.java":1720677847826},"elements":[{"bean":{"name":"employeecrudspringbootApplication","type":"com.anudip.EmployeecrudspringbootApplication","location":{"uri":"file:///C:/Users/MAYUR/Documents/workspace-spring-tool-suite-4-4.23.1.RELEASE/employeecrudspringboot/src/main/java/com/anudip/EmployeecrudspringbootApplication.java","range":{"start":{"line":5,"character":0},"end":{"line":5,"character":22}}},"injectionPoints":[],"supertypes":["java.lang.Object"],"annotations":["org.springframework.boot.autoconfigure.SpringBootApplication","org.springframework.boot.SpringBootConfiguration","org.springframework.context.annotation.Configuration","org.springframework.stereotype.Component"]},"docURI":"file:///C:/Users/MAYUR/Documents/workspace-spring-tool-suite-4-4.23.1.RELEASE/employeecrudspringboot/src/main/java/com/anudip/EmployeecrudspringbootApplication.java"},{"bean":{"name":"employeeRepository","type":"com.anudip.repository.EmployeeRepository","location":{"uri":"file:///C:/Users/MAYUR/Documents/workspace-spring-tool-suite-4-4.23.1.RELEASE/employeecrudspringboot/src/main/java/com/anudip/repository/EmployeeRepository.java","range":{"start":{"line":6,"character":17},"end":{"line":6,"character":35}}},"injectionPoints":[],"supertypes":["org.springframework.data.repository.query.QueryByExampleExecutor","org.springframework.data.repository.PagingAndSortingRepository","org.springframework.data.repository.Repository","org.springframework.data.repository.ListPagingAndSortingRepository","org.springframework.data.repository.ListCrudRepository","org.springframework.data.repository.CrudRepository","org.springframework.data.jpa.repository.JpaRepository"],"annotations":[]},"docURI":"file:///C:/Users/MAYUR/Documents/workspace-spring-tool-suite-4-4.23.1.RELEASE/employeecrudspringboot/src/main/java/com/anudip/repository/EmployeeRepository.java"},{"bean":{"name":"departmentRepository","type":"com.anudip.repository.DepartmentRepository","location":{"uri":"file:///C:/Users/MAYUR/Documents/workspace-spring-tool-suite-4-4.23.1.RELEASE/employeecrudspringboot/src/main/java/com/anudip/repository/DepartmentRepository.java","range":{"start":{"line":6,"character":17},"end":{"line":6,"character":37}}},"injectionPoints":[],"supertypes":["org.springframework.data.repository.query.QueryByExampleExecutor","org.springframework.data.repository.PagingAndSortingRepository","org.springframework.data.repository.Repository","org.springframework.data.repository.ListPagingAndSortingRepository","org.springframework.data.repository.ListCrudRepository","org.springframework.data.repository.CrudRepository","org.springframework.data.jpa.repository.JpaRepository"],"annotations":[]},"docURI":"file:///C:/Users/MAYUR/Documents/workspace-spring-tool-suite-4-4.23.1.RELEASE/employeecrudspringboot/src/main/java/com/anudip/repository/DepartmentRepository.java"},{"bean":{"name":"departmentServiceImpl","type":"com.anudip.serviceimplementation.DepartmentServiceImpl","location":{"uri":"file:///C:/Users/MAYUR/Documents/workspace-spring-tool-suite-4-4.23.1.RELEASE/employeecrudspringboot/src/main/java/com/anudip/serviceimplementation/DepartmentServiceImpl.java","range":{"start":{"line":9,"character":0},"end":{"line":9,"character":8}}},"injectionPoints":[{"name":"dpRepository","type":"com.anudip.repository.DepartmentRepository","location":{"uri":"file:///C:/Users/MAYUR/Documents/workspace-spring-tool-suite-4-4.23.1.RELEASE/employeecrudspringboot/src/main/java/com/anudip/serviceimplementation/DepartmentServiceImpl.java","range":{"start":{"line":13,"character":22},"end":{"line":13,"character":34}}}}],"supertypes":["java.lang.Object","com.anudip.service.DepartmentService"],"annotations":["org.springframework.stereotype.Service","org.springframework.stereotype.Component"]},"docURI":"file:///C:/Users/MAYUR/Documents/workspace-spring-tool-suite-4-4.23.1.RELEASE/employeecrudspringboot/src/main/java/com/anudip/serviceimplementation/DepartmentServiceImpl.java"},{"bean":{"name":"departmentController","type":"com.anudip.controller.DepartmentController","location":{"uri":"file:///C:/Users/MAYUR/Documents/workspace-spring-tool-suite-4-4.23.1.RELEASE/employeecrudspringboot/src/main/java/com/anudip/controller/DepartmentController.java","range":{"start":{"line":10,"character":0},"end":{"line":10,"character":15}}},"injectionPoints":[{"name":"service","type":"com.anudip.serviceimplementation.DepartmentServiceImpl","location":{"uri":"file:///C:/Users/MAYUR/Documents/workspace-spring-tool-suite-4-4.23.1.RELEASE/employeecrudspringboot/src/main/java/com/anudip/controller/DepartmentController.java","range":{"start":{"line":15,"character":23},"end":{"line":15,"character":30}}}}],"supertypes":["java.lang.Object"],"annotations":["org.springframework.web.bind.annotation.RestController","org.springframework.stereotype.Controller","org.springframework.stereotype.Component"]},"docURI":"file:///C:/Users/MAYUR/Documents/workspace-spring-tool-suite-4-4.23.1.RELEASE/employeecrudspringboot/src/main/java/com/anudip/controller/DepartmentController.java"},{"bean":{"name":"employeeServiceImpl","type":"com.anudip.serviceimplementation.EmployeeServiceImpl","location":{"uri":"file:///C:/Users/MAYUR/Documents/workspace-spring-tool-suite-4-4.23.1.RELEASE/employeecrudspringboot/src/main/java/com/anudip/serviceimplementation/EmployeeServiceImpl.java","range":{"start":{"line":11,"character":0},"end":{"line":11,"character":8}}},"injectionPoints":[{"name":"empRepository","type":"com.anudip.repository.EmployeeRepository","location":{"uri":"file:///C:/Users/MAYUR/Documents/workspace-spring-tool-suite-4-4.23.1.RELEASE/employeecrudspringboot/src/main/java/com/anudip/serviceimplementation/EmployeeServiceImpl.java","range":{"start":{"line":15,"character":20},"end":{"line":15,"character":33}}}}],"supertypes":["com.anudip.service.EmployeeService","java.lang.Object"],"annotations":["org.springframework.stereotype.Service","org.springframework.stereotype.Component"]},"docURI":"file:///C:/Users/MAYUR/Documents/workspace-spring-tool-suite-4-4.23.1.RELEASE/employeecrudspringboot/src/main/java/com/anudip/serviceimplementation/EmployeeServiceImpl.java"},{"bean":{"name":"employeeController","type":"com.anudip.controller.EmployeeController","location":{"uri":"file:///C:/Users/MAYUR/Documents/workspace-spring-tool-suite-4-4.23.1.RELEASE/employeecrudspringboot/src/main/java/com/anudip/controller/EmployeeController.java","range":{"start":{"line":23,"character":0},"end":{"line":23,"character":15}}},"injectionPoints":[{"name":"service","type":"com.anudip.serviceimplementation.EmployeeServiceImpl","location":{"uri":"file:///C:/Users/MAYUR/Documents/workspace-spring-tool-suite-4-4.23.1.RELEASE/employeecrudspringboot/src/main/java/com/anudip/controller/EmployeeController.java","range":{"start":{"line":30,"character":21},"end":{"line":30,"character":28}}}}],"supertypes":["java.lang.Object"],"annotations":["org.springframework.web.bind.annotation.RestController","org.springframework.stereotype.Controller","org.springframework.stereotype.Component"]},"docURI":"file:///C:/Users/MAYUR/Documents/workspace-spring-tool-suite-4-4.23.1.RELEASE/employeecrudspringboot/src/main/java/com/anudip/controller/EmployeeController.java"}],"dependencies":{}}