{"elementType":"org.springframework.ide.vscode.boot.java.utils.CachedSymbol","timestampedFiles":{"C:\\Users\\MAYUR\\Documents\\workspace-spring-tool-suite-4-4.23.1.RELEASE\\employeecrudspringboot\\src\\main\\java\\com\\anudip\\EmployeecrudspringbootApplication.java":1718784881372,"C:\\Users\\MAYUR\\Documents\\workspace-spring-tool-suite-4-4.23.1.RELEASE\\employeecrudspringboot\\src\\main\\java\\com\\anudip\\controller\\DepartmentController.java":1718949971506,"C:\\Users\\MAYUR\\Documents\\workspace-spring-tool-suite-4-4.23.1.RELEASE\\employeecrudspringboot\\src\\main\\java\\com\\anudip\\controller\\EmployeeController.java":1720688889527,"C:\\Users\\MAYUR\\Documents\\workspace-spring-tool-suite-4-4.23.1.RELEASE\\employeecrudspringboot\\src\\main\\java\\com\\anudip\\entity\\Department.java":1718881585788,"C:\\Users\\MAYUR\\Documents\\workspace-spring-tool-suite-4-4.23.1.RELEASE\\employeecrudspringboot\\src\\main\\java\\com\\anudip\\entity\\Employee.java":1720422510467,"C:\\Users\\MAYUR\\Documents\\workspace-spring-tool-suite-4-4.23.1.RELEASE\\employeecrudspringboot\\src\\main\\java\\com\\anudip\\exception\\EmployeeIdNotFoundException.java":1720677787236,"C:\\Users\\MAYUR\\Documents\\workspace-spring-tool-suite-4-4.23.1.RELEASE\\employeecrudspringboot\\src\\main\\java\\com\\anudip\\repository\\DepartmentRepository.java":1718881683536,"C:\\Users\\MAYUR\\Documents\\workspace-spring-tool-suite-4-4.23.1.RELEASE\\employeecrudspringboot\\src\\main\\java\\com\\anudip\\repository\\EmployeeRepository.java":1718863183413,"C:\\Users\\MAYUR\\Documents\\workspace-spring-tool-suite-4-4.23.1.RELEASE\\employeecrudspringboot\\src\\main\\java\\com\\anudip\\service\\DepartmentService.java":1718882101983,"C:\\Users\\MAYUR\\Documents\\workspace-spring-tool-suite-4-4.23.1.RELEASE\\employeecrudspringboot\\src\\main\\java\\com\\anudip\\service\\EmployeeService.java":1718864988579,"C:\\Users\\MAYUR\\Documents\\workspace-spring-tool-suite-4-4.23.1.RELEASE\\employeecrudspringboot\\src\\main\\java\\com\\anudip\\serviceimplementation\\DepartmentServiceImpl.java":1718948192962,"C:\\Users\\MAYUR\\Documents\\workspace-spring-tool-suite-4-4.23.1.RELEASE\\employeecrudspringboot\\src\\main\\java\\com\\anudip\\serviceimplementation\\EmployeeServiceImpl.java":1720677847826},"elements":[{"lastModified":1718784881372,"enhancedSymbol":{"symbol":{"name":"@+ \u0027employeecrudspringbootApplication\u0027 (@SpringBootApplication \u003c: @SpringBootConfiguration, @Configuration, @Component) EmployeecrudspringbootApplication","kind":"Interface","location":{"uri":"file:///C:/Users/MAYUR/Documents/workspace-spring-tool-suite-4-4.23.1.RELEASE/employeecrudspringboot/src/main/java/com/anudip/EmployeecrudspringbootApplication.java","range":{"start":{"line":5,"character":0},"end":{"line":5,"character":22}}}},"additionalInformation":[{"type":"org.springframework.ide.vscode.boot.java.beans.ConfigBeanSymbolAddOnInformation","data":{"beanID":"employeecrudspringbootApplication","beanType":"com.anudip.EmployeecrudspringbootApplication"}}]},"docURI":"file:///C:/Users/MAYUR/Documents/workspace-spring-tool-suite-4-4.23.1.RELEASE/employeecrudspringboot/src/main/java/com/anudip/EmployeecrudspringbootApplication.java"},{"lastModified":1718863183413,"enhancedSymbol":{"symbol":{"name":"@+ \u0027employeeRepository\u0027 (Employee) Repository\u003cEmployee,Integer\u003e","kind":"Interface","location":{"uri":"file:///C:/Users/MAYUR/Documents/workspace-spring-tool-suite-4-4.23.1.RELEASE/employeecrudspringboot/src/main/java/com/anudip/repository/EmployeeRepository.java","range":{"start":{"line":6,"character":17},"end":{"line":6,"character":35}}}},"additionalInformation":[{"type":"org.springframework.ide.vscode.boot.java.beans.BeansSymbolAddOnInformation","data":{"beanID":"employeeRepository","beanType":"org.springframework.data.repository.Repository\u003ccom.anudip.entity.Employee,java.lang.Integer\u003e"}}]},"docURI":"file:///C:/Users/MAYUR/Documents/workspace-spring-tool-suite-4-4.23.1.RELEASE/employeecrudspringboot/src/main/java/com/anudip/repository/EmployeeRepository.java"},{"lastModified":1718881683536,"enhancedSymbol":{"symbol":{"name":"@+ \u0027departmentRepository\u0027 (Department) Repository\u003cDepartment,Integer\u003e","kind":"Interface","location":{"uri":"file:///C:/Users/MAYUR/Documents/workspace-spring-tool-suite-4-4.23.1.RELEASE/employeecrudspringboot/src/main/java/com/anudip/repository/DepartmentRepository.java","range":{"start":{"line":6,"character":17},"end":{"line":6,"character":37}}}},"additionalInformation":[{"type":"org.springframework.ide.vscode.boot.java.beans.BeansSymbolAddOnInformation","data":{"beanID":"departmentRepository","beanType":"org.springframework.data.repository.Repository\u003ccom.anudip.entity.Department,java.lang.Integer\u003e"}}]},"docURI":"file:///C:/Users/MAYUR/Documents/workspace-spring-tool-suite-4-4.23.1.RELEASE/employeecrudspringboot/src/main/java/com/anudip/repository/DepartmentRepository.java"},{"lastModified":1718948192962,"enhancedSymbol":{"symbol":{"name":"@+ \u0027departmentServiceImpl\u0027 (@Service \u003c: @Component) DepartmentServiceImpl","kind":"Interface","location":{"uri":"file:///C:/Users/MAYUR/Documents/workspace-spring-tool-suite-4-4.23.1.RELEASE/employeecrudspringboot/src/main/java/com/anudip/serviceimplementation/DepartmentServiceImpl.java","range":{"start":{"line":9,"character":0},"end":{"line":9,"character":8}}}},"additionalInformation":[{"type":"org.springframework.ide.vscode.boot.java.beans.BeansSymbolAddOnInformation","data":{"beanID":"departmentServiceImpl","beanType":"com.anudip.serviceimplementation.DepartmentServiceImpl"}}]},"docURI":"file:///C:/Users/MAYUR/Documents/workspace-spring-tool-suite-4-4.23.1.RELEASE/employeecrudspringboot/src/main/java/com/anudip/serviceimplementation/DepartmentServiceImpl.java"},{"lastModified":1718948192962,"enhancedSymbol":{"symbol":{"name":"@Autowired","kind":"Interface","location":{"uri":"file:///C:/Users/MAYUR/Documents/workspace-spring-tool-suite-4-4.23.1.RELEASE/employeecrudspringboot/src/main/java/com/anudip/serviceimplementation/DepartmentServiceImpl.java","range":{"start":{"line":12,"character":1},"end":{"line":12,"character":11}}}}},"docURI":"file:///C:/Users/MAYUR/Documents/workspace-spring-tool-suite-4-4.23.1.RELEASE/employeecrudspringboot/src/main/java/com/anudip/serviceimplementation/DepartmentServiceImpl.java"},{"lastModified":1718949971506,"enhancedSymbol":{"symbol":{"name":"@+ \u0027departmentController\u0027 (@RestController \u003c: @Controller, @Component) DepartmentController","kind":"Interface","location":{"uri":"file:///C:/Users/MAYUR/Documents/workspace-spring-tool-suite-4-4.23.1.RELEASE/employeecrudspringboot/src/main/java/com/anudip/controller/DepartmentController.java","range":{"start":{"line":10,"character":0},"end":{"line":10,"character":15}}}},"additionalInformation":[{"type":"org.springframework.ide.vscode.boot.java.beans.BeansSymbolAddOnInformation","data":{"beanID":"departmentController","beanType":"com.anudip.controller.DepartmentController"}}]},"docURI":"file:///C:/Users/MAYUR/Documents/workspace-spring-tool-suite-4-4.23.1.RELEASE/employeecrudspringboot/src/main/java/com/anudip/controller/DepartmentController.java"},{"lastModified":1718949971506,"enhancedSymbol":{"symbol":{"name":"@Autowired","kind":"Interface","location":{"uri":"file:///C:/Users/MAYUR/Documents/workspace-spring-tool-suite-4-4.23.1.RELEASE/employeecrudspringboot/src/main/java/com/anudip/controller/DepartmentController.java","range":{"start":{"line":14,"character":1},"end":{"line":14,"character":11}}}}},"docURI":"file:///C:/Users/MAYUR/Documents/workspace-spring-tool-suite-4-4.23.1.RELEASE/employeecrudspringboot/src/main/java/com/anudip/controller/DepartmentController.java"},{"lastModified":1718949971506,"enhancedSymbol":{"symbol":{"name":"@/addDep -- POST","kind":"Interface","location":{"uri":"file:///C:/Users/MAYUR/Documents/workspace-spring-tool-suite-4-4.23.1.RELEASE/employeecrudspringboot/src/main/java/com/anudip/controller/DepartmentController.java","range":{"start":{"line":17,"character":1},"end":{"line":17,"character":24}}}}},"docURI":"file:///C:/Users/MAYUR/Documents/workspace-spring-tool-suite-4-4.23.1.RELEASE/employeecrudspringboot/src/main/java/com/anudip/controller/DepartmentController.java"},{"lastModified":1718949971506,"enhancedSymbol":{"symbol":{"name":"@RequestBody","kind":"Interface","location":{"uri":"file:///C:/Users/MAYUR/Documents/workspace-spring-tool-suite-4-4.23.1.RELEASE/employeecrudspringboot/src/main/java/com/anudip/controller/DepartmentController.java","range":{"start":{"line":18,"character":25},"end":{"line":18,"character":37}}}}},"docURI":"file:///C:/Users/MAYUR/Documents/workspace-spring-tool-suite-4-4.23.1.RELEASE/employeecrudspringboot/src/main/java/com/anudip/controller/DepartmentController.java"},{"lastModified":1720677847826,"enhancedSymbol":{"symbol":{"name":"@+ \u0027employeeServiceImpl\u0027 (@Service \u003c: @Component) EmployeeServiceImpl","kind":"Interface","location":{"uri":"file:///C:/Users/MAYUR/Documents/workspace-spring-tool-suite-4-4.23.1.RELEASE/employeecrudspringboot/src/main/java/com/anudip/serviceimplementation/EmployeeServiceImpl.java","range":{"start":{"line":11,"character":0},"end":{"line":11,"character":8}}}},"additionalInformation":[{"type":"org.springframework.ide.vscode.boot.java.beans.BeansSymbolAddOnInformation","data":{"beanID":"employeeServiceImpl","beanType":"com.anudip.serviceimplementation.EmployeeServiceImpl"}}]},"docURI":"file:///C:/Users/MAYUR/Documents/workspace-spring-tool-suite-4-4.23.1.RELEASE/employeecrudspringboot/src/main/java/com/anudip/serviceimplementation/EmployeeServiceImpl.java"},{"lastModified":1720677847826,"enhancedSymbol":{"symbol":{"name":"@Autowired","kind":"Interface","location":{"uri":"file:///C:/Users/MAYUR/Documents/workspace-spring-tool-suite-4-4.23.1.RELEASE/employeecrudspringboot/src/main/java/com/anudip/serviceimplementation/EmployeeServiceImpl.java","range":{"start":{"line":14,"character":1},"end":{"line":14,"character":11}}}}},"docURI":"file:///C:/Users/MAYUR/Documents/workspace-spring-tool-suite-4-4.23.1.RELEASE/employeecrudspringboot/src/main/java/com/anudip/serviceimplementation/EmployeeServiceImpl.java"},{"lastModified":1720688889527,"enhancedSymbol":{"symbol":{"name":"@CrossOrigin(origins\u003d\"\")","kind":"Interface","location":{"uri":"file:///C:/Users/MAYUR/Documents/workspace-spring-tool-suite-4-4.23.1.RELEASE/employeecrudspringboot/src/main/java/com/anudip/controller/EmployeeController.java","range":{"start":{"line":22,"character":0},"end":{"line":22,"character":26}}}}},"docURI":"file:///C:/Users/MAYUR/Documents/workspace-spring-tool-suite-4-4.23.1.RELEASE/employeecrudspringboot/src/main/java/com/anudip/controller/EmployeeController.java"},{"lastModified":1720688889527,"enhancedSymbol":{"symbol":{"name":"@+ \u0027employeeController\u0027 (@RestController \u003c: @Controller, @Component) EmployeeController","kind":"Interface","location":{"uri":"file:///C:/Users/MAYUR/Documents/workspace-spring-tool-suite-4-4.23.1.RELEASE/employeecrudspringboot/src/main/java/com/anudip/controller/EmployeeController.java","range":{"start":{"line":23,"character":0},"end":{"line":23,"character":15}}}},"additionalInformation":[{"type":"org.springframework.ide.vscode.boot.java.beans.BeansSymbolAddOnInformation","data":{"beanID":"employeeController","beanType":"com.anudip.controller.EmployeeController"}}]},"docURI":"file:///C:/Users/MAYUR/Documents/workspace-spring-tool-suite-4-4.23.1.RELEASE/employeecrudspringboot/src/main/java/com/anudip/controller/EmployeeController.java"},{"lastModified":1720688889527,"enhancedSymbol":{"symbol":{"name":"@Autowired","kind":"Interface","location":{"uri":"file:///C:/Users/MAYUR/Documents/workspace-spring-tool-suite-4-4.23.1.RELEASE/employeecrudspringboot/src/main/java/com/anudip/controller/EmployeeController.java","range":{"start":{"line":29,"character":1},"end":{"line":29,"character":11}}}}},"docURI":"file:///C:/Users/MAYUR/Documents/workspace-spring-tool-suite-4-4.23.1.RELEASE/employeecrudspringboot/src/main/java/com/anudip/controller/EmployeeController.java"},{"lastModified":1720688889527,"enhancedSymbol":{"symbol":{"name":"@/employee/employee/addEmp -- POST","kind":"Interface","location":{"uri":"file:///C:/Users/MAYUR/Documents/workspace-spring-tool-suite-4-4.23.1.RELEASE/employeecrudspringboot/src/main/java/com/anudip/controller/EmployeeController.java","range":{"start":{"line":32,"character":1},"end":{"line":32,"character":33}}}}},"docURI":"file:///C:/Users/MAYUR/Documents/workspace-spring-tool-suite-4-4.23.1.RELEASE/employeecrudspringboot/src/main/java/com/anudip/controller/EmployeeController.java"},{"lastModified":1720688889527,"enhancedSymbol":{"symbol":{"name":"@RequestBody","kind":"Interface","location":{"uri":"file:///C:/Users/MAYUR/Documents/workspace-spring-tool-suite-4-4.23.1.RELEASE/employeecrudspringboot/src/main/java/com/anudip/controller/EmployeeController.java","range":{"start":{"line":33,"character":24},"end":{"line":33,"character":36}}}}},"docURI":"file:///C:/Users/MAYUR/Documents/workspace-spring-tool-suite-4-4.23.1.RELEASE/employeecrudspringboot/src/main/java/com/anudip/controller/EmployeeController.java"}],"dependencies":{}}